,estacion_m,longitud,latitud,organismo,estado,municipio,altitud
0,100METROS,-99.13671212,19.47081463,SACMEX,Ciudad de México,Gustavo A. Madero,2234.499
1,ACAPONETASMN,-105.3852778,22.46638889,SMN,Nayarit,Acaponeta,29
2,ACAPULCO,-99.74916667,16.76277778,SMN-ESMA,Guerrero,Acapulco de Juárez,5
3,ACAPULCO_SEMAR,-99.9067,16.8169,SEMAR,Guerrero,Acapulco de Juárez,0
4,ACAYUCANSMN,-94.90099167,17.97691667,SMN,Veracruz de Ignacio de la Llave,Acayucan,106
5,ACULCO,-99.09981219,19.37917749,SACMEX,Ciudad de México,Iztapalapa,2235.151
6,AEROPISTA_SANTA_CRUZ_PCGRO,-98.576111,17.769167,PC GUERRERO,Guerrero,Huamuxtitlán,904
7,AGUASCALIENTES,-102.29111,21.851111,SMN-ESMA,Aguascalientes,Aguascalientes,1879
8,AGUSTINMELGAR,-104.0661111,25.26333333,SMN,Durango,Nazas,1226
9,AJUSCO,-99.21066037,19.21919237,SACMEX,Ciudad de México,Tlalpan,3014.438
10,ALAMOS,-108.9377778,27.02166667,SMN,Sonora,Alamos,409
11,ALDEAS,-93.549994,18.329407,PC TABASCO,Tabasco,Cárdenas,
12,ALGODONES,-114.7302778,32.70472222,SMN-ESMA,Baja California,Mexicali,40
13,ALTAR,-111.8345,30.7144556,SMN-ESMA,Sonora,Altar,422
14,ALTZOMONI,-98.65522222,19.11880556,SMN,México,Amecameca,4007.275
15,ALVARADO,-95.6325,18.715,SMN,Veracruz de Ignacio de la Llave,Alvarado,113
16,ALVARADOII,-95.7577777778,18.7888888889,SMN-ESMA,Veracruz de Ignacio de la Llave,Alvarado,0
17,AMECAMECA,-98.78188056,19.10983333,OCAVM,México,Amecameca,2460
18,ANGAMACUTIRO,-101.7225,20.12527778,SMN,Michoacán de Ocampo,Angamacutiro,1730
19,APATZINGAN,-102.3716667,19.08277778,SMN,Michoacán de Ocampo,Apatzingán,282
20,ARCELIA_PCGRO,-100.285833,18.327778,PC GUERRERO,Guerrero,Arcelia,401
21,ARRECIFESXCALAK,-87.83544444,18.28005556,SMN,Quintana Roo,Othón P. Blanco,2.92
22,ARRIAGA,-93.90444,16.23194,SMN-ESMA,Chiapas,Arriaga,52
23,ATLACOMULCO,-99.87735,19.79928333,SMN,México,Atlacomulco,2570
24,ATOYAC,-100.4401111,17.20958333,SMN,Guerrero,Atoyac de Álvarez,120
25,ATOYAC_PCGRO,-100.424167,17.211389,PC GUERRERO,Guerrero,Atoyac de Álvarez,66
26,AVILACAMACHO,-98.75555556,19.32027778,OCAVM,México,Ixtapaluca,2958
27,BAHIADELORETO,-111.3539167,26.00975,SMN,Baja California Sur,Loreto,25.184
28,BAHIADELOSANGELES,-113.5602778,28.89638889,SMN,Baja California,Ensenada,10
29,BALANCAN,-91.530748,17.850131,PC TABASCO,Tabasco,Balancán,
30,BARBOSA_PC_GTO,-101.631667,21.2925,PC GUANAJUATO,Guanajuato,León,0
31,BARRADELTORDO,-97.7722222,23.0519444,SMN,Tamaulipas,Aldama,5
32,BARRIENTOS,-99.18475355,19.5810157,SACMEX,México,Tultitlán,2295.448
33,BASASEACHI,-108.2088889,28.19916667,SMN,Chihuahua,Ocampo,1973
34,BENITOJUAREZSMN,-96.74005556,17.16427778,SMN,Oaxaca,San Pablo Etla,1950.872
35,BONAMPAK_PCHIS,-91.108056,16.808333,PC CHIAPAS,Chiapas,Ocosingo,376
36,BOSQUEDETLALPAN,-99.19517939,19.29245604,SACMEX,Ciudad de México,Tlalpan,2362.211
37,B_CHINCHORRO,-87.3006,18.7556,SEMAR,Quintana Roo,Othón P. Blanco,3
38,CABOPULMO,-109.4245556,23.44525,SMN,Baja California Sur,Los Cabos,25.978
39,CABORCA,-112.4353611,30.77497222,SMN,Sonora,Caborca,188
40,CABOSANLUCAS,-109.9263889,22.88111111,SMN,Baja California Sur,Los Cabos,224
41,CAIDADELBORRACHO,-99.29861968,19.40668269,SACMEX,México,Huixquilucan,2476.06
42,CALAKMULI,-89.8925,18.365,SMN,Campeche,Calakmul,28
43,CALAKMULII,-89.462,18.09405556,SMN,Campeche,Calakmul,256.241
44,CALVILLO,-102.7122222,21.84944444,SMN,Aguascalientes,Calvillo,1618
45,CAMPAMENTOMECOAYA,-99.18290038,19.48694929,SACMEX,Ciudad de México,Azcapotzalco,2244.442
46,CAMPECHE,-90.50722,19.83638,SMN-ESMA,Campeche,Campeche,6
47,CANCUN_EMA,-86.85194444,21.02944,SMN,Quintana Roo,Benito Juárez,1
48,CANCUN_ESIME,-86.88694444,21.14277778,SMN-ESMA,Quintana Roo,Benito Juárez,0
49,CANDELA,-100.6611111,26.84444444,SMN-ESMA,Coahuila de Zaragoza,Candela,0
50,CANIONDELSUMIDERO,-93.09516667,16.82822222,SMN,Chiapas,Tuxtla Gutiérrez,1253.923
51,CANIONUSUMACINTA,-91.22905556,17.28991667,SMN,Tabasco,Tenosique,123
52,CARCELDEMUJERES,-98.99808477,19.3562553,SACMEX,Ciudad de México,Iztapalapa,2261.889
53,CARDENAS,-93.383056,17.998055,PC TABASCO,Tabasco,Cárdenas,
54,CARTERO,-99.27122384,19.37390444,SACMEX,Ciudad de México,Cuajimalpa de Morelos,2560.295
55,CASETAFORESTALPARRES,-99.17158993,19.13725509,SACMEX,Ciudad de México,Tlalpan,2988.984
56,CATAVINIA,-114.7191667,29.72722222,SMN,Baja California,Ensenada,514
57,CAYAQUITOS_PCGRO,-101.050278,17.300833,PC GUERRERO,Guerrero,Técpan de Galeana,20
58,CAYO_ARCAS,-91.9628,20.2039,SEMAR,Yucatán,Progreso,3
59,CAYO_ARENAS,-91.3983,22.1153,SEMAR,Yucatán,Progreso,3
60,CCA,-99.19583,19.31166,SMN-ESMA,Ciudad de México,Coyoacán,0
61,CCERRILLO,-99.97,19.54055556,OCAVM,México,Villa Victoria,2874
62,CCHA,-99.195333,19.500421,UNAM,Ciudad de México,Azcapotzalco,1731
63,CCHN,-99.244263,19.474553,UNAM,México,Naucalpan de Juárez,1713
64,CCHO,-99.059861,19.385208,UNAM,Ciudad de México,Iztapalapa,1695
65,CCHS,-99.200342,19.311528,UNAM,Ciudad de México,Coyoacán,1989
66,CCHV,-99.141485,19.485215,UNAM,Ciudad de México,Gustavo A. Madero,1683
67,CDALEMAN,-96.09805556,18.18972222,SMN,Veracruz de Ignacio de la Llave,Cosamaloapan de Carpio,40
68,CDALTAMIRANO,-100.6583333,18.3505556,SMN,Guerrero,Pungarabato,251
69,CDCUAUHTEMOC,-106.8391667,28.3966667,SMN,Chihuahua,Cuauhtémoc,2102
70,CDEPIEDRAS,-99.95805556,19.21027778,OCAVM,México,Amanalco,2852
71,CD_CONSTITUCION,-111.66333,25.01,SMN-ESMA,Baja California Sur,Comondú,52
72,CD_GUZMAN,-103.4647222,19.73055556,SMN-ESMA,Jalisco,Zapotlán el Grande,1520
73,CD_JUAREZ,-106.4272222,31.68972222,SMN-ESMA,Chihuahua,Juárez,0
74,CD_OBREGON,-109.9322,27.3722,SMN-ESMA,Sonora,Cajeme,36
75,CD_VICTORIA,-99.16972,23.74222,SMN-ESMA,Tamaulipas,Victoria,336
76,CELESTUN,-90.38305556,20.85805556,SMN,Yucatán,Celestún,10
77,CEMCAS,-98.97361111,19.47972222,SMN-ESMA,México,Texcoco,2176
78,CENAPRED,-99.17473056,19.314825,CENAPRED,Ciudad de México,Coyoacán,2304
79,CERROCATEDRAL,-99.51916667,19.54194444,SMN,México,Temoaya,3754
80,CHALMITA,-99.14553362,19.5560131,SACMEX,Ciudad de México,Gustavo A. Madero,2293.424
81,CHAMELACUIXMALA,-105.0448056,19.49852778,SMN,Jalisco,La Huerta,84.169
82,CHAPALA,-103.2016667,20.29027778,SMN,Jalisco,Chapala,1493
83,CHETUMAL,-88.3275,18.50055556,SMN-ESMA,Quintana Roo,Othón P. Blanco,11
84,CHICHIHUALCO_PCGRO,-99.675556,17.661389,PC GUERRERO,Guerrero,Leonardo Bravo,1127
85,CHICONAUTLAI,-99.04118289,19.59405609,SACMEX,México,Ecatepec de Morelos,2256.626
86,CHICONAUTLAII,-99.1083659,19.51574091,SACMEX,México,Tlalnepantla de Baz,2255.788
87,CHIHUAHUA,-106.0302778,28.67055556,SMN-ESMA,Chihuahua,Chihuahua,1397
88,CHILAPA_PCGRO,-99.180833,17.607222,PC GUERRERO,Guerrero,Chilapa de Álvarez,1432
89,CHILPANCINGO,-99.51388,17.57166,SMN-ESMA,Guerrero,Chilpancingo de los Bravo,1274
90,CHINATU,-106.7705556,26.22944444,SMN,Chihuahua,Guadalupe y Calvo,1982
91,CHINIPAS,-108.5363889,27.39277778,SMN,Chihuahua,Chínipas,431
92,CHMR_MERIDA,-89.65722222,20.9836111,SMN-ESMA,Yucatán,Mérida,
93,CHOIX,-108.32527,26.7166667,SMN-ESMA,Sinaloa,Choix,236
94,CHURUBUSCOLAGO,-99.04744941,19.44224435,SACMEX,Ciudad de México,Venustiano Carranza,2236.92
95,CITLALTEPEC,-97.87861111,21.33444444,SMN,Veracruz de Ignacio de la Llave,Citlaltépetl,211
96,CIUDADDELICIAS,-105.5,28.17,SMN,Chihuahua,Delicias,1188
97,CIUDADFERNANDEZ,-100.0217222,21.93633333,SMN,San Luis Potosí,Ciudad Fernández,1009
98,CIUDADMANTE,-98.98305556,22.74444444,SMN,Tamaulipas,El Mante,85
99,CIUDADVALLES,-99.0308333,21.9797222,SMN,San Luis Potosí,Ciudad Valles,58
100,COATEPEC,-98.84858207,19.38470866,SACMEX,México,Ixtapaluca,2402.957
101,COATOMATITLAN_PCGRO,-99.324167,17.470278,PC GUERRERO,Guerrero,Mochitlán,950
102,COATZACOALCO,-94.4067,18.1497,SEMAR,Veracruz de Ignacio de la Llave,Coatzacoalcos,4
103,COATZACOALCOS,-94.51083333,18.14,SMN-ESMA,Veracruz de Ignacio de la Llave,Coatzacoalcos,28
104,COCULA_PCGRO,-99.651389,18.261111,PC GUERRERO,Guerrero,Cocula,634
105,COIXTLAHUACA_PCOAX,-97.330833,17.712222,PC OAXACA,Oaxaca,San Juan Bautista Coixtlahuaca,2202
106,COLIMA,-103.72055,19.21833,SMN-ESMA,Colima,Colima,448
107,COLOTLAN,-103.2677778,22.10722222,SMN-ESMA,Jalisco,Colotlán,1676
108,COMALCALCO,-93.242222,18.170938,PC TABASCO,Tabasco,Comalcalco,
109,COMITAN,-92.135,16.23194,SMN-ESMA,Chiapas,Comitán de Domínguez,1648
110,CONCHOS,-106.3538889,26.94972222,SMN-ESMA,Chihuahua,Balleza,0
111,CONSTITUCIONDE1857,-115.9217222,32.04216667,SMN,Baja California,Ensenada,1576.313
112,COPALA_PCGRO,-98.913333,16.590556,PC GUERRERO,Guerrero,Copala,41
113,COPALILLO_PCGRO,-99.003333,18.066111,PC GUERRERO,Guerrero,Copalillo,678
114,CORDOBA,-96.92310278,18.89006111,SMN,Veracruz de Ignacio de la Llave,Córdoba,852
115,CORRALEJO_DE_HIDALGO_PC_GTO,-101.630278,20.506667,PC GUANAJUATO,Guanajuato,Pénjamo,0
116,COSCOMATEPEC,-97.04098056,19.06602778,SMN,Veracruz de Ignacio de la Llave,Coscomatepec,1495
117,COYOL,-99.09011176,19.48473945,SACMEX,Ciudad de México,Gustavo A. Madero,2232.886
118,COYUCA_DE_CATALAN_PCGRO,-100.714167,18.337778,PC GUERRERO,Guerrero,Coyuca de Catalán,278
119,COZUMEL,-86.90694444,20.47694444,SMN,Quintana Roo,Cozumel,5
120,CRED_ARRIAGA_PCHIS,-93.906111,16.2425,PC CHIAPAS,Chiapas,Arriaga,62
121,CRED_CINTALAPA_PCHIS,-93.741389,16.671389,PC CHIAPAS,Chiapas,Cintalapa,591
122,CRED_COMITAN_PCHIS,-92.135278,16.235556,PC CHIAPAS,Chiapas,Comitán de Domínguez,1648
123,CRED_MOTOZINTLA_PCHIS,-92.6375,16.724167,PC CHIAPAS,Chiapas,San Cristóbal de las Casas,2118
124,CRED_OCOSINGO_PCHIS,-92.091667,16.896944,PC CHIAPAS,Chiapas,Ocosingo,939
125,CRED_REVOLUCION_MEXICANA_PCHIS,-93.076389,16.166944,PC CHIAPAS,Chiapas,Villa Corzo,548
126,CUAJINICUILAPA_PCGRO,-98.397778,16.465,PC GUERRERO,Guerrero,Cuajinicuilapa,58
127,CUARTEL_POLICIA_ESTATAL_PCHIS,-92.6375,16.724167,PC CHIAPAS,Chiapas,San Cristóbal de las Casas,2118
128,CUATROCIENEGAS,-102.0727222,27.00244444,SMN,Coahuila de Zaragoza,Cuatro Ciénegas,556
129,CUERNAVACA,-99.21527,18.94277,SMN-ESMA,Morelos,Cuernavaca,1639
130,CULIACAN,-107.44083,24.63472,SMN-ESMA,Sinaloa,Culiacán,22
131,CUMBRESDEMAJALCA,-106.486,28.8033056,SMN,Chihuahua,Chihuahua,2088.841
132,CUMBRESDEMTYELDIENTE,-100.3083333,25.57694,SMN,Nuevo León,Monterrey,734.4
133,CUMBRESDEMTYI,-100.3899028,25.55981944,SMN,Nuevo León,Santa Catarina,1455
134,CUTZAMALA_PCGRO,-100.592222,18.622222,PC GUERRERO,Guerrero,Cutzamala de Pinzón,337
135,DELVALLE,-99.16289484,19.37859317,SACMEX,Ciudad de México,Benito Juárez,2239.035
136,DEPORTIVA,-99.09620263,19.40868315,SACMEX,Ciudad de México,Venustiano Carranza,2236.422
137,DESIERTODELOSLEONES,-99.31068485,19.31320772,SACMEX,Ciudad de México,Cuajimalpa de Morelos,2969.463
138,DGUERRA,-100.1430556,19.30833333,OCAVM,México,Donato Guerra,2222
139,DURANGO,-104.60027,24.06138,SMN-ESMA,Durango,Durango,1874
140,DZILAMSMN,-88.90416667,21.39055556,SMN,Yucatán,Dzilam de Bravo,2
141,DZILBACHEN,-89.72388889,19.46222,SMN,Campeche,Hopelchén,169.8
142,ECOGUARDAS,-99.19889,19.27154167,SMN,Ciudad de México,Tlalpan,2536
143,EJERCITODEORIENTE,-99.0371675,19.37968526,SACMEX,Ciudad de México,Iztapalapa,2227.966
144,EJIDO_NUEVO_LEON,-115.1925,32.41444,SMN-ESMA,Baja California,Mexicali,14
145,ELCHICO,-98.71627778,20.18558333,SMN,Hidalgo,Pachuca de Soto,3004.551
146,ELFUERTE_SINALOA,-108.6175,26.41138889,SMN,Sinaloa,El Fuerte,82
147,ELPINACATE,-113.3047778,31.68,SMN,Sonora,Puerto Peñasco,99.561
148,ELTRIUNFOSMN,-92.80813889,15.65661111,SMN,Chiapas,Mapastepec,1974
149,ELVELADERO,-99.90744444,16.88430556,SMN,Guerrero,Acapulco de Juárez,302.91
150,ELVENADO,-99.33452445,19.38371486,SACMEX,México,Huixquilucan,2567.029
151,ELVERGELSMN,-106.3902778,26.47333333,SMN,Chihuahua,Balleza,2800
152,EL_SALADO,-95.9708,19.0408,SEMAR,Veracruz de Ignacio de la Llave,Alvarado,0
153,EL_VERGEL_PCHIS,-92.974444,15.646944,PC CHIAPAS,Chiapas,Pijijiapan,985
154,EMPALME,-110.79722,27.95722,SMN-ESMA,Sonora,Empalme,8
155,ENCBII,-99.14545278,19.49866944,SMN,Ciudad de México,Gustavo A. Madero,2240
156,ENP1,-99.121554,19.272549,UNAM,Ciudad de México,Xochimilco,2254
157,ENP2,-99.099331,19.384157,UNAM,Ciudad de México,Iztacalco,1711
158,ENP3,-99.095258,19.482276,UNAM,Ciudad de México,Gustavo A. Madero,1763
159,ENP4,-99.1955578,19.4039018,UNAM,Ciudad de México,Miguel Hidalgo,1751
160,ENP5,-99.134203,19.307925,UNAM,Ciudad de México,Coyoacán,1736
161,ENP6,-99.156166,19.352163,UNAM,Ciudad de México,Coyoacán,1757
162,ENP7,-99.1298915,19.4195118,UNAM,Ciudad de México,Cuauhtémoc,1707
163,ENP8,-99.1966611,19.362134,UNAM,Ciudad de México,Álvaro Obregón,1795
164,ENP9,-99.128536,19.3672101,UNAM,Ciudad de México,Iztapalapa,1691
165,ESCARCEGA,-90.75388889,18.60833333,SMN,Campeche,Escárcega,60
166,ESCNALCIENCIASBIOLOGICAS,-99.17111111,19.45361111,SMN,Ciudad de México,Miguel Hidalgo,2262
167,ESCUINTLA,-92.67611111,15.2975,SMN,Chiapas,Acapetahua,42
168,ESTADIOAZTECA,-99.15203823,19.30052384,SACMEX,Ciudad de México,Coyoacán,2256.234
169,FCARRILLOob,-88.04138,19.575,SMN-ESMA,Quintana Roo,Felipe Carrillo Puerto,10
170,FINCA_HAMBURGO_PCHIS,-92.326111,15.175278,PC CHIAPAS,Chiapas,Tapachula,1237
171,FINCA_LA_PAZ_PCHIS,-92.479167,15.344722,PC CHIAPAS,Chiapas,Motozintla,939
172,FORT_QUITMAN,-105.608889,31.087222,GASIR, Texas,,0
173,FRIAS_PC_GTO,-101.996667,20.800556,PC GUANAJUATO,Guanajuato,Manuel Doblado,0
174,FRONTERA,-92.651256,18.523918,PC TABASCO,Tabasco,Centla,
175,GAVMSUR,-99.09874126,19.318447,SACMEX,Ciudad de México,Coyoacán,2240.653
176,GDF,-99.13268677,19.43149988,SACMEX,Ciudad de México,Cuauhtémoc,2258.513
177,GENERADORA101,-99.09908368,19.45878377,SACMEX,Ciudad de México,Gustavo A. Madero,2232.78
178,GOGORRON,-100.9402222,21.81113889,SMN,San Luis Potosí,Villa de Reyes,1809.58
179,GRANJAGUADALUPE,-101.0730556,21.58611111,CEA GTO,Guanajuato,San Felipe,0
180,GUACHOCHI,-107.0730556,26.81361111,SMN,Chihuahua,Guachochi,2390
181,GUADALAJARA,-103.39222,20.70638,SMN-ESMA,Jalisco,Guadalajara,1558
182,GUANAJUATO,-101.26583,21.01416,SMN-ESMA,Guanajuato,Guanajuato,1997
183,GUARDA,-99.16222222,19.15472222,OCAVM,Ciudad de México,Tlalpan,2946
184,GUAYMAS,-110.55,27.58,SEMAR,Sonora,Guaymas,3
185,GUSTAVODIAZORDAZ,-113.4575,27.64277778,SMN,Baja California Sur,Mulegé,83.5
186,HACIENDADEARRIBA,-101.6780556,21.225,CEA GTO,Guanajuato,León,0
187,HERMOSILLO,-110.93027,29.07833,SMN-ESMA,Sonora,Hermosillo,215
188,HERMOSILLOBAHIADEKINO,-111.92194444,28.815,SMN,Sonora,Hermosillo,2
189,HIDALGO_DEL_PARRAL,-105.67666,26.91861,SMN-ESMA,Chihuahua,Hidalgo del Parral,1747
190,HUAJUAPAN,-97.77166667,17.78888889,SMN-ESMA,Oaxaca,Heroica Ciudad de Huajuapan de León,1606
191,HUAMANTLA,-97.96638889,19.38611111,SMN,Tlaxcala,Huamantla,2222
192,HUAMUXTITLAN_PCGRO,-98.565556,17.808889,PC GUERRERO,Guerrero,Huamuxtitlán,900
193,HUATLA_DE_JIMENEZ_PCOAX,-96.855278,18.129722,PC OAXACA,Oaxaca,Huautla de Jiménez,1431
194,HUATULCO,-96.1339,15.8147,SEMAR,Oaxaca,Santa María Huatulco,25
195,HUAUCHINANGO,-98.06651111,20.178125,SMN,Puebla,Huauchinango,2193
196,HUAYATLA,-99.26478748,19.30498293,SACMEX,Ciudad de México,La Magdalena Contreras,2725.534
197,HUEJUTLA,-98.36861111,21.15472222,SMN,Hidalgo,Huejutla de Reyes,115
198,HUICHAPANSMN,-99.66388889,20.38861111,SMN,Hidalgo,Huichapan,2080
199,HUIMANGUILLO,-93.40105,17.826516,PC TABASCO,Tabasco,Huimanguillo,
200,HUIMILPAN,-100.2836111,20.39027778,SMN,Querétaro,Huimilpan,2280
201,HUITUZCO_PCGRO,-99.336389,18.298889,PC GUERRERO,Guerrero,Huitzuco de los Figueroa,949
202,IGUALA,-99.52416667,18.36027778,SMN,Guerrero,Iguala de la Independencia,780
203,IGUALA_PCGRO,-99.503056,18.341389,PC GUERRERO,Guerrero,Iguala de la Independencia,772
204,IMTA,-99.15694444,18.88222222,SMN,Morelos,Jiutepec,1355
205,ISLADELCARMEN,-91.76527778,18.6580556,SMN,Campeche,Carmen,11.7
206,ISLAS_MARIAS,-106.5369,21.6297,SEMAR,Nayarit,San Blas,37
207,ISLA_AGUADA,-91.435,18.8461,SEMAR,Campeche,Carmen,5
208,ISLA_CEDROS,-115.2097,28.0344,SEMAR,Baja California,Ensenada,50
209,ISLA_CORONADO,-117.2481,32.4156,SEMAR,Baja California,Tijuana,76
210,ISLA_GUADALUPE,-118.2931,28.8828,SEMAR,Baja California,Ensenada,23
211,ISLA_LOBOS,-97.2175,21.4717,SEMAR,Veracruz de Ignacio de la Llave,Tuxpan,3
212,ISLA_MUJERES,-86.7414,21.2475,SEMAR,Quintana Roo,Isla Mujeres,3
213,ISLA_PEREZ,-89.6819,22.3842,SEMAR,Quintana Roo,Isla Mujeres,3
214,ITESAAPAN,-98.46611111,19.72833,SMN,Hidalgo,Apan,2486
215,IXTAPALUCA,-98.87791667,19.33141667,OCAVM,México,Ixtapaluca,2272
216,IXTLANDELRIONAY,-104.2980556,21.03888889,SMN,Nayarit,Ixtlán del Río,1163
217,IZUCARDEMATAMOROS,-98.45194444,18.61666667,SMN,Puebla,Izúcar de Matamoros,1353
218,I_CLARION,-114.7337222,18.3486111,SEMAR,Colima,Manzanillo,3
219,I_SOCORRO,-110.9535833,18.7265833,SEMAR,Colima,Tecomán,35
220,JALAPA,-92.815177,17.722307,PC TABASCO,Tabasco,Jalapa,
221,JALPA_DE_MENDEZ,-93.062691,18.177105,PC TABASCO,Tabasco,Jalpa de Méndez,
222,JANOS,-108.42725,30.83888889,SMN,Chihuahua,Janos,1398.776
223,JAUMAVE,-99.37527778,23.4075,SMN,Tamaulipas,Jaumave,750
224,JIMENEZ,-104.9063889,27.11083333,SMN,Chihuahua,Jiménez,1360
225,JOCOTEPEC,-103.4163889,20.28305556,SMN,Jalisco,Jocotepec,1506
226,JOSEMARIAMORELOS,-88.70383056,19.75225278,SMN,Quintana Roo,José María Morelos,56
227,KANTUNILKIN,-87.48583333,21.10194,SMN,Quintana Roo,Lázaro Cárdenas,32.4
228,KM27+250,-99.0550442,19.64239926,SACMEX,México,Coacalco de Berriozábal,2243.812
229,LACALDERA,-98.97511162,19.33942481,SACMEX,México,La Paz,2313.698
230,LACANGREJERA,-94.33138889,18.10583333,SMN,Veracruz de Ignacio de la Llave,Coatzacoalcos,34
231,LAENCRUCIJADA,-92.75537222,15.06840556,SMN,Chiapas,Acapetahua,1
232,LAFLOR,-103.9997222,26.54997222,SMN,Durango,Mapimí,1164
233,LAFLORIDASMN,-103.6025,22.68611111,SMN,Zacatecas,Valparaíso,1870
234,LAGODEGUADALUPE,-99.25101409,19.63342265,SACMEX,México,Cuautitlán Izcalli,2323.344
235,LAGOS_DE_MORENO,-101.94166,21.34833,SMN-ESMA,Jalisco,Lagos de Moreno,1908
236,LAGRANDE,-98.91725016,19.57890395,SACMEX,México,Tezoyuca,2252.423
237,LAGUNACHACAHUA,-97.68855556,15.96691667,SMN,Oaxaca,Villa de Tututepec,6.648
238,LAGUNASDEMONTEBELLO,-91.73005556,16.11458333,SMN,Chiapas,La Trinitaria,1492
239,LAGUNASDEZEMPOALA,-99.31277778,19.05344444,SMN,Morelos,Huitzilac,2820.367
240,LAMALINCHEI,-98.04438889,19.2975,SMN,Tlaxcala,San José Teacalco,2931.664
241,LAMALINCHEII,-98.03225,19.141,SMN,Puebla,Puebla,2748.902
242,LAMICHILIADGO,-104.247,23.38775,SMN,Durango,Súchil,2464.492
243,LAPRIMAVERA,-103.6440833,20.67627778,SMN,Jalisco,Tala,1468.152
244,LARUMOROSA,-116.2055556,32.27222222,SMN,Baja California,Tecate,1262
245,LASVEGAS,-105.4661111,24.18583333,SMN,Durango,San Dimas,2398
246,LASVIGAS,-99.23361111,16.75833,SMN,Guerrero,San Marcos,42
247,LAS_VIGAS_PCGRO,-99.233611,16.7575,PC GUERRERO,Guerrero,San Marcos,34
248,LAUNIONSMN,-88.87861111,17.89694444,SMN,Quintana Roo,Othón P. Blanco,11
249,LAVENTA,-99.31090446,19.3335198,SACMEX,Ciudad de México,Cuajimalpa de Morelos,2870.948
250,LA_HORQUETA_PCGRO,-99.574722,17.755833,PC GUERRERO,Guerrero,Eduardo Neri,107
251,LA_PAZ_,-110.32055,24.12861,SMN-ESMA,Baja California Sur,La Paz,24
252,LA_PESCA,-97.7731,23.7942,SEMAR,Tamaulipas,Soto la Marina,3
253,LA_UNION_PCGRO,-101.317222,17.937778,PC GUERRERO,Guerrero,Zihuatanejo de Azueta,60
254,LEON,-101.7333333,21.08194444,SMN-ESMA,Guanajuato,León,
255,LINDAVISTA,-99.12089395,19.48998034,SACMEX,Ciudad de México,Gustavo A. Madero,2235.821
256,LOMAGRANDE,-97.23694444,18.92527778,SMN,Veracruz de Ignacio de la Llave,Mariano Escobedo,2722
257,LOPEZMATEOS,-99.06922208,19.42108778,SACMEX,Ciudad de México,Venustiano Carranza,2229.937
258,LORETO,-111.34916,26.01166,SMN-ESMA,Baja California Sur,Loreto,7
259,LOSMARMOLES,-99.2204,20.8735,SMN,Hidalgo,Zimapán,2577
260,LOSPETENES,-90.37405556,19.94344444,SMN,Campeche,Campeche,3.323
261,LOSTUXTLASI,-95.07366667,18.58419444,SMN,Veracruz de Ignacio de la Llave,San Andrés Tuxtla,117.245
262,LOSTUXTLASII,-94.93110833,18.37502778,SMN,Veracruz de Ignacio de la Llave,Catemaco,915.144
263,LUMBRERARIOS,-99.06667,19.378,SACMEX,Ciudad de México,Iztapalapa,0
264,L_CARDENAS,-102.1839,17.9397,SEMAR,Michoacán de Ocampo,Lázaro Cárdenas,3
265,MAGUARICHI,-107.9944444,27.85833333,SMN,Chihuahua,Maguarichi,1663
266,MANZANILLO,-104.31833,19.04444,SMN-ESMA,Colima,Manzanillo,3
267,MANZANILLO_SEM,-104.2978,19.0692,SEMAR,Colima,Manzanillo,5
268,MAPIMIDGO,-103.7474194,26.68663056,SMN,Durango,Tlahualilo,1157
269,MARCOSCARRILLO,-99.1339531,19.40343239,SACMEX,Ciudad de México,Cuauhtémoc,2233.656
270,MARIPOSAMONARCAI,-100.27775,19.67088889,SMN,Michoacán de Ocampo,Senguio,3255.171
271,MARIPOSAMONARCAII,-100.2900556,19.53908333,SMN,Michoacán de Ocampo,Ocampo,2970.254
272,MARISMASNACIONALES,-105.3305556,22.22108333,SMN,Nayarit,Rosamorada,1
273,MATAMOROSSMN,-97.51861111,25.88583333,SMN,Tamaulipas,Matamoros,4
274,MATAMOROS_SEMAR,-97.1531,25.8219,SEMAR,Tamaulipas,Matamoros,3
275,MATEHUALA,-100.6575,23.6475,SMN,San Luis Potosí,Matehuala,1627
276,MATIASROMERO,-95.03638889,16.88277778,SMN,Oaxaca,Matías Romero Avendaño,186
277,MATLAPA,-98.81555556,21.325,SMN-ESMA,San Luis Potosí,Matlapa,140
278,MAZATLAN,-106.41111,23.21722,SMN-ESMA,Sinaloa,Mazatlán,7
279,MERIDA,-89.65194,20.94666,SMN-ESMA,Yucatán,Mérida,12
280,METLATONOC_PCGRO,-98.406944,17.243611,PC GUERRERO,Guerrero,Metlatónoc,1976
281,MEXICALI,-115.3761111,32.62583333,SMN-ESMA,Baja California,Mexicali,0
282,MEXICALI_EMA,-115.4577778,32.66667,SMN,Baja California,Mexicali,14
283,MIAHUATLAN,-96.57972222,16.34416667,SMN,Oaxaca,Miahuatlán de Porfirio Díaz,1588
284,MILPAALTA,-99.02740993,19.18719251,SACMEX,Ciudad de México,Milpa Alta,2510.711
285,MINERAL_POZOS_PC_GTO,-100.501944,21.223611,PC GUANAJUATO,Guanajuato,San Luis de la Paz,0
286,MOLINODELREY,-99.19194444,19.41611,SMN,Ciudad de México,Miguel Hidalgo,2281
287,MONCLOVA,-90.82083333,18.05694444,SMN,Campeche,Candelaria,100
288,MONCLOVA_ESIME,-101.43361,26.90027,SMN-ESMA,Coahuila de Zaragoza,Monclova,618
289,MONTEALEGRE,-99.28016357,19.22986612,SACMEX,Ciudad de México,La Magdalena Contreras,3298.166
290,MONTEMORELOS,-99.806222222,25.1868889,SMN-ESMA,Nuevo León,Montemorelos,
291,MONTERREY,-100.27166,25.68277,SMN-ESMA,Nuevo León,San Nicolás de los Garza,506
292,MONTESAZULES,-91.52488889,16.81216667,SMN,Chiapas,Ocosingo,625
293,MONTE_GRANDE,-92.263997,17.934988,PC TABASCO,Tabasco,Jonuta,
294,MORELIA,-101.18277,19.72138,SMN-ESMA,Michoacán de Ocampo,Morelia,1918
295,MORELOSMUZQUIZ,-101.7113889,28.01305556,SMN,Coahuila de Zaragoza,Múzquiz,492
296,MUNICIPIOLIBRE,-99.12774164,19.36568761,SACMEX,Ciudad de México,Iztapalapa,2233.35
297,NACAJUCA,-93.019966,18.168926,PC TABASCO,Tabasco,Nacajuca,
298,NATIVITAS,-99.09402041,19.24708044,SACMEX,Ciudad de México,Xochimilco,2253.309
299,NEVADODECOLIMA,-103.59075,19.59216667,SMN,Jalisco,Tuxpan,3461.139
300,NEVADODETOLUCA,-99.76666667,19.11667,SMN,México,Toluca,4139
301,NICOLASBRAVO,-88.92388889,18.45527778,SMN,Quintana Roo,Othón P. Blanco,104
302,NOCHISTLAN,-97.24916667,17.43666667,SMN,Oaxaca,San Mateo Etlatongo,2040
303,NOGALES,-110.9139444,31.298,SMN,Sonora,Nogales,1269
304,NUEVAROSITA,-101.33,27.92,SMN,Coahuila de Zaragoza,San Juan de Sabinas,366
305,NUEVASTAMARIA,-99.16554199,19.4693517,SACMEX,Ciudad de México,Azcapotzalco,2235.549
306,NUEVO_CASA_GRANDES,-107.93138,30.37638,SMN-ESMA,Chihuahua,Nuevo Casas Grandes,1466
307,OAXACA,-96.72111,17.00222,SMN-ESMA,Oaxaca,Ánimas Trujano,1529
308,OAXACA_PC_PCOAX,-96.718611,17.106389,PC OAXACA,Oaxaca,Oaxaca de Juárez,1683
309,OBISPOSMN,-107.1880556,24.25111111,SMN,Sinaloa,Culiacán,4
310,OCAMPO,-102.3961111,27.30916667,SMN-ESMA,Coahuila de Zaragoza,Ocampo,0
311,OCAMPOSMN,-102.5251111,28.82547222,SMN,Coahuila de Zaragoza,Múzquiz,1662.671
312,OJINAGA,-104.4687,29.53441111,SMN,Chihuahua,Ojinaga,790
313,OMETEPEC_PCGRO,-98.426111,16.6925,PC GUERRERO,Guerrero,Ometepec,369
314,ORIZABA,-97.09805,18.86527,SMN-ESMA,Veracruz de Ignacio de la Llave,Orizaba,1268
315,OXKUTZCAB,-89.39469444,20.29111111,SMN,Yucatán,Oxkutzcab,28
316,PACHUCA,-98.74944,20.0875,SMN-ESMA,Hidalgo,Pachuca de Soto,2369
317,PALENQUE,-91.99027778,17.52583333,SMN,Chiapas,Palenque,52
318,PALMAS,-99.25497657,19.42997053,SACMEX,México,Huixquilucan,2436.744
319,PANTANOSDECENTLA,-92.64644444,18.40627778,SMN,Tabasco,Centla,2.325
320,PARAISO,-93.15555556,18.42333333,SMN,Tabasco,Paraíso,4
321,PARAISO_PCTAB,-93.214043,18.39598,PC TABASCO,Tabasco,Paraíso,
322,PAREDON,-93.8619,16.0553,SEMAR,Chiapas,Tonalá,3
323,PARQUEIXTAPOPO,-98.64322222,19.09566667,SMN,México,Amecameca,3682
324,PASODELAHORMIGA,-99.82805556,21.46611111,CEA GTO,Guanajuato,Xichú,0
325,PENON,-99.08222504,19.44135907,SACMEX,Ciudad de México,Venustiano Carranza,2296.774
326,PEROTESMN,-97.26838889,19.54516667,SMN,Veracruz de Ignacio de la Llave,Perote,2410
327,PETACALCO,-102.1230556,17.98444444,SMN,Guerrero,La Unión de Isidoro Montes de Oca,53
328,PETATLAN_PCGRO,-101.280833,17.546389,PC GUERRERO,Guerrero,Petatlán,46
329,PIEDRAS_NEGRAS,-100.54861,28.68361,SMN-ESMA,Coahuila de Zaragoza,Piedras Negras,250
330,PIJIJIAPAN,-93.21222222,15.70166667,SMN-ESMA,Chiapas,Pijijiapan,0
331,PILARES_DE_NACOZARI,-109.69138,30.375,SMN-ESMA,Sonora,Nacozari de García,1128
332,PINOTEPANACIONAL,-98.0525,16.34972222,SMN,Oaxaca,Santiago Pinotepa Nacional,195
333,PLANTAABASOLO,-99.19366039,19.23450608,SACMEX,Ciudad de México,Tlalpan,2786.252
334,PLANTACERRODELAESTRELLA,-99.07726869,19.33716513,SACMEX,Ciudad de México,Iztapalapa,2253.654
335,PLANTACHAPULTEPEC,-99.20210002,19.42415714,SACMEX,Ciudad de México,Miguel Hidalgo,2271.993
336,PLANTASANTACATARINA,-99.02637779,19.30183028,SACMEX,Ciudad de México,Tláhuac,2245.366
337,PLAYASROSARITO,-117.0713889,32.3775,SMN,Baja California,Playas de Rosarito,36.9
338,PLUMA_HIDALGO_PCOAX,-96.416667,15.930556,PC OAXACA,Oaxaca,Pluma Hidalgo,1372
339,POBLADO_C11,-93.622122,18.173864,PC TABASCO,Tabasco,Cárdenas,
340,PRESA50ANIV,-102.4649722,22.18930556,SMN,Aguascalientes,San José de Gracia,2063.397
341,PRESAABELARDOLRODRIGUEZTIJUANA,-116.9083333,32.44722222,SMN,Baja California,Tijuana,156
342,PRESAALLENDE,-100.8247222,20.84833333,SMN,Guanajuato,San Miguel de Allende,1915
343,PRESAELCUCHILLO,-99.32083333,25.73305556,SMN,Nuevo León,China,134
344,PRESAEMILIOLOPEZZAMORAENSENADA,-116.6033333,31.89138889,SMN,Baja California,Ensenada,32
345,PRESAJALPAN,-99.47213889,21.20658333,SMN,Querétaro,Jalpan de Serra,773.357
346,PRESAMADINSACMEX,-99.26738433,19.52254997,SACMEX,México,Atizapán de Zaragoza,2359.859
347,PRESAMADINSMN,-99.26805556,19.52444444,SMN,México,Naucalpan de Juárez,2364
348,PRESATUXPANGO,-97.03944444,18.84566667,SMN,Veracruz de Ignacio de la Llave,Ixtaczoquitlán,965.294
349,PRESAZICUIRAN,-101.9306111,18.92175,SMN,Michoacán de Ocampo,La Huacana,265.357
350,PROGRESO,-89.65388,21.27638,SMN-ESMA,Yucatán,Progreso,1
351,PTO_CHIAPAS,-92.4,14.7,SEMAR,Chiapas,Tapachula,1
352,PTO_CORTES,-111.8294,24.4811,SEMAR,Baja California Sur,Comondú,0
353,PTO_DE_GALLO_PCGRO,-100.176389,17.48,PC GUERRERO,Guerrero,Atoyac de Álvarez,2577
354,PTO_PENASCO,-113.5392,31.3058,SEMAR,Sonora,Puerto Peñasco,3
355,PTO_VENTURA,-87.2308,20.4997,SEMAR,Quintana Roo,Solidaridad,0
356,PTO_VICENTE,-101.0578,17.2728,SEMAR,Guerrero,Técpan de Galeana,30
357,PUEBLA,-98.16333,19.05472,SMN-ESMA,Puebla,Puebla,2194
358,PUENTECOLGANTE,-99.18868675,19.774961,SACMEX,México,Coyotepec,2254.163
359,PUENTE_LA_CALLE_PC_GTO,-101.631389,20.282778,PC GUANAJUATO,Guanajuato,Pénjamo,0
360,PUENTE_LOS_URIBE_PC_GTO,-101.845278,20.994444,PC GUANAJUATO,Guanajuato,San Francisco del Rincón,0
361,PUENTE_PASO_BLANCO_PC_GTO,-101.367778,20.523333,PC GUANAJUATO,Guanajuato,Valle de Santiago,0
362,PUENTE_PASO_DE_OVEJAS_PC_GTO,-101.845278,20.994444,PC GUANAJUATO,Guanajuato,San Francisco del Rincón,0
363,PUENTE_PUEBLO_NUEVO_PC_GTO,-101.379167,20.519167,PC GUANAJUATO,Guanajuato,Pueblo Nuevo,0
364,PUENTE_PUERTO_DEL_VALLE_PC_GTO,-101.128889,20.488889,PC GUANAJUATO,Guanajuato,Salamanca,0
365,PUENTE_VALTIERRILLA_PC_GTO,-101.141389,20.527778,PC GUANAJUATO,Guanajuato,Salamanca,0
366,PUERTOESCONDIDO,-97.07444,15.89111,SMN,Oaxaca,San Pedro Mixtepec,91
367,PUERTO_ANGEL,-96.48944,15.6675,SMN-ESMA,Oaxaca,San Pedro Pochutla,34
368,PUERTO_PENASCO,-113.54805,31.30055,SMN-ESMA,Sonora,Puerto Peñasco,44
369,PUERTO_VALLARTA,-105.243888,20.6611111,SMN-ESMA,Jalisco,Puerto Vallarta,
370,PUESTOCENTRAL,-99.115,19.4051,SACMEX,Ciudad de México,Venustiano Carranza,2230.51
371,QUECHULTENANGO_PCGRO,-99.246389,17.408611,PC GUERRERO,Guerrero,Quechultenango,848
372,QUERETARO,-100.3591667,20.625,SMN-ESMA,Querétaro,Querétaro,1880
373,QUERETARO_OB,-100.3694444,20.56333333,SMN-ESMA,Querétaro,Querétaro,1903
374,RADIOCOMUNICACION,-99.16778321,19.39936393,SACMEX,Ciudad de México,Benito Juárez,2246.061
375,REBOMBEOLAQUEBRADORA,-99.0207285,19.34514989,SACMEX,Ciudad de México,Iztapalapa,2250.203
376,REFORMA_DE_PINEDA_PCOAX,-94.458056,16.388611,PC OAXACA,Oaxaca,Reforma de Pineda,32
377,REMEDIOS,-99.15541445,19.51500171,SACMEX,Ciudad de México,Gustavo A. Madero,2244.545
378,RIOLAGARTOS,-88.16027778,21.57111111,SMN,Yucatán,Río Lagartos,5
379,RIOMAGDALENA,-99.26462063,19.28880001,SACMEX,Ciudad de México,La Magdalena Contreras,2671.788
380,RIOTOMATLAN,-105.1336111,19.99861111,SMN,Jalisco,Tomatlán,141
381,RIO_VERDE,-99.98777,21.91972,SMN-ESMA,San Luis Potosí,San Luis Potosí,992
382,ROSARIO,-99.19088219,19.51003618,SACMEX,Ciudad de México,Azcapotzalco,2247.061
383,SABARTOLOAMEYALCO,-99.274173,19.33023682,SACMEX,Ciudad de México,Álvaro Obregón,2704.719
384,SALINA_CRUZ_,-95.22694,16.16194,SMN-ESMA,Oaxaca,Salina Cruz,8
385,SALTILLO,-101.02361,25.35138,SMN-ESMA,Coahuila de Zaragoza,Saltillo,1796
386,SANCTORUM,-98.47166667,19.49027778,OCAVM,Tlaxcala,Sanctórum de Lázaro Cárdenas,2767
387,SANFERNANDO,-98.1575,24.84277778,SMN,Tamaulipas,San Fernando,45
388,SANFRANCISCOSACMEX,-99.23917396,19.31178218,SACMEX,Ciudad de México,La Magdalena Contreras,2494.109
389,SANJOAQUIN,-99.22826802,19.43685289,SACMEX,México,Naucalpan de Juárez,2325.408
390,SANJUAN,-107.8433333,25.48555556,SMN,Sinaloa,Mocorito,112
391,SANJUANDEGUADALUPE,-102.7827778,24.6375,SMN,Durango,San Juan de Guadalupe,1526
392,SANJUANICO,-112.4783333,26.25752778,SMN,Baja California Sur,Comondú,36
393,SANLUISAMECAII,-98.87156983,19.19156794,SACMEX,México,Temamatla,2279.814
394,SANLUISCHALCO,-98.87336391,19.28483885,SACMEX,México,Chalco,2242.38
395,SANLUISRIOCOLORADO,-114.7977778,32.4238889,SMN,Sonora,San Luis Río Colorado,39
396,SANLUISTLAXIALTEMALCO,-99.02902629,19.25992885,SACMEX,Ciudad de México,Xochimilco,2246.631
397,SANPEDROMARTIR,-99.17005639,19.26298114,SACMEX,Ciudad de México,Tlalpan,2389.616
398,SANQUINTIN,-115.8375,30.53166667,SMN,Baja California,Ensenada,32
399,SANSALVADORCUAUTENCO,-99.09025161,19.1905673,SACMEX,Ciudad de México,Milpa Alta,2781.277
400,SANTAANATLACOTENCO,-98.97108868,19.142274,SACMEX,Ciudad de México,Milpa Alta,2780.916
401,SANTACECILIA,-101.2130556,28.39944444,SMN,Coahuila de Zaragoza,Zaragoza,595
402,SANTAFESACMEX,-99.2652961,19.36234907,SACMEX,Ciudad de México,Cuajimalpa de Morelos,2587.701
403,SANTIAGO_CHOAMPAN_PCOAX,-95.914444,17.355556,PC OAXACA,Oaxaca,Santiago Choápam,912
404,SANTO_DOMINGO_PCHIS,-92.104167,15.031667,PC CHIAPAS,Chiapas,Unión Juárez,872
405,SAN_BLAS,-105.2856,21.5314,SEMAR,Nayarit,San Blas,3
406,SAN_CRISTOBAL,-92.63694,16.72444,SMN-ESMA,Chiapas,San Cristóbal de las Casas,2124
407,SAN_FELIPE,-114.84666,31.02805,SMN-ESMA,Baja California,Mexicali,27
408,SAN_JUAN,-98.850556,26.250278,GASIR,Tamaulipas,Camargo,0
409,SAN_LUIS_POTOSI,-100.98722,22.1758333,SMN-ESMA,San Luis Potosí,San Luis Potosí,1876
410,SIANKAANII,-87.8125,19.72306,SMN,Quintana Roo,Felipe Carrillo Puerto,30.1
411,SIERRADEGUADALUPE,-99.12220143,19.57214906,SACMEX,Ciudad de México,Gustavo A. Madero,2495.319
412,SIERRADEHUAUTLA,-98.93636111,18.54155556,SMN,Morelos,Tepalcingo,1330.733
413,SIERRADEMANANTLANI,-103.91722,19.4635,SMN,Jalisco,Tolimán,2490.869
414,SIERRADEMANANTLANII,-104.1480833,19.55436111,SMN,Jalisco,Tolimán,2882.051
415,SIERRAFRIA,-102.6087778,22.26977778,SMN,Aguascalientes,San José de Gracia,2976.307
416,SIERRAGORDAI,-99.16919444,21.49911111,SMN,Querétaro,Jalpan de Serra,1111.221
417,SIERRAGORDAII,-99.83144444,21.32091667,SMN,Guanajuato,Atarjea,2216.07
418,SIERRALALAGUNA,-109.9986944,23.55528,SMN,Baja California Sur,La Paz,1949.077
419,SN_FELIPE_SEMAR,-114.8286,30.9931,SEMAR,Baja California,Mexicali,8
420,SN_M_CHIMALAPA_PCOAX,-94.744722,16.711111,PC OAXACA,Oaxaca,San Miguel Chimalapa,139
421,SN_P_TUTUTEPEC_PCOAX,-97.605278,16.123889,PC OAXACA,Oaxaca,Villa de Tututepec,227
422,SOMBRERETE,-103.63638,23.63888,SMN-ESMA,Zacatecas,Sombrerete,2353
423,SONOYTA,-112.8471944,31.86544444,SMN,Sonora,General Plutarco Elías Calles,369
424,SOTOLAMARINA,-98.20777,23.76416,SMN-ESMA,Tamaulipas,Soto la Marina,20
425,STA_MA_CHIMALAPA_PCOAX,-94.683333,16.906389,PC OAXACA,Oaxaca,Santa María Chimalapa,284
426,STA_MA_JACATEPEC_PCOAX,-96.200556,17.874444,PC OAXACA,Oaxaca,Santa María Jacatepec,51
427,STA_MA_JUQUILA_PCOAX,-97.291389,16.242778,PC OAXACA,Oaxaca,Santa Catarina Juquila,1404
428,STA_ROSALIA,-112.2725,27.33777,SMN-ESMA,Baja California Sur,Mulegé,67
429,STA_ROSALIA_SEM,-112.0992,27.0911,SEMAR,Baja California Sur,Mulegé,3
430,S_JUXTLAHUACA_PCOAX,-98.009722,17.320556,PC OAXACA,Oaxaca,Santiago Juxtlahuaca,1705
431,S_J_DEL_PACIFICO_PCOAX,-96.486667,16.171389,PC OAXACA,Oaxaca,San Mateo Río Hondo,2656
432,S_J_HUIXTEPEC_PCOAX,-96.783333,16.827778,PC OAXACA,Oaxaca,San Pablo Huixtepec,1582
433,TACUBAYA,-99.19666,19.40361,SMN-ESMA,Ciudad de México,Miguel Hidalgo,2337
434,TAMPICO,-97.92555556,22.3875,SMN-ESMA,Tamaulipas,Altamira,9
435,TAMPICO_MADERO,-97.7976083,22.2812111,SMN-ESMA,Tamaulipas,Ciudad Madero,
436,TAMUIN,-98.7833333,22.0166667,SMN-ESMA,San Luis Potosí,Tamuín,29
437,TANQUELIENZO,-99.22091622,19.33779467,SACMEX,Ciudad de México,Álvaro Obregón,2413.489
438,TANTAQUIN,-89.04722222,20.03027778,SMN,Yucatán,Tzucacab,30
439,TAPACHULA,-92.29638,14.88694,SMN-ESMA,Chiapas,Tapachula,117
440,TARANGO,-99.21268959,19.36092774,SACMEX,Ciudad de México,Álvaro Obregón,2335.692
441,TAXCO_PCGRO,-99.602778,18.548056,PC GUERRERO,Guerrero,Taxco de Alarcón,1654
442,TEAPA,-92.957158,17.570677,PC TABASCO,Tabasco,Teapa,
443,TECATE,-116.6613889,32.56667,SMN,Baja California,Tecate,583.7
444,TECOANAPA_PCGRO,-99.372222,16.990833,PC GUERRERO,Guerrero,Tlacoapa,595
445,TECPAN_PCGRO,-100.629167,17.205278,PC GUERRERO,Guerrero,Técpan de Galeana,28
446,TEHUACAN,-97.61711111,18.31411111,SMN,Puebla,Zapotitlán,1736.455
447,TEMOSACHIC,-107.82777,28.95472,SMN-ESMA,Chihuahua,Temósachic,1870
448,TEPEATLOXTOC,-98.824975,19.56919722,OCAVM,México,Tepetlaoxtoc,2320
449,TEPEHUANES,-105.72361,25.33194,SMN-ESMA,Durango,Tepehuanes,1823
450,TEPIC,-104.88388,21.51861,SMN-ESMA,Nayarit,Tepic,927
451,TEPOZTLANSMN,-99.07888889,18.95083333,SMN,Morelos,Tepoztlán,1384
452,TETELCO,-98.97138573,19.21109818,SACMEX,Ciudad de México,Tláhuac,2255.415
453,TEZONCUALPA,-98.27472222,19.96583333,OCAVM,Hidalgo,Cuautepec de Hinojosa,2519
454,TEZONTLE,-99.09972222,19.38527778,SMN,Ciudad de México,Iztacalco,2358
455,TEZUITLAN,-97.39066667,19.888,SMN,Puebla,Teziutlán,1578
456,TIXTLA_PCGRO,-99.401111,17.557222,PC GUERRERO,Guerrero,Tixtla de Guerrero,1348
457,TIZAPAN,-103.0438889,20.16944444,SMN,Jalisco,Tizapán el Alto,1503
458,TIZIMIN,-87.98896667,21.16163333,SMN,Yucatán,Tizimín,19
459,TIZOC,-99.17068162,19.43964844,SACMEX,Ciudad de México,Miguel Hidalgo,2242.461
460,TLAHUAC,-99.01286649,19.282853,SACMEX,Ciudad de México,Tláhuac,2236.289
461,TLAJOMULCO,-103.4191667,20.44222,SMN,Jalisco,Tlajomulco de Zúñiga,1566
462,TLAPADECOMONFORT,-98.56313889,17.54961111,SMN,Guerrero,Tlapa de Comonfort,1060
463,TLAPA_PCGRO,-98.551389,17.570833,PC GUERRERO,Guerrero,Tlapa de Comonfort,1090
464,TLAXCALA,-98.24666,19.32472,SMN-ESMA,Tlaxcala,Tlaxcala,2232
465,TODOSSANTOS_EMA,-110.2155556,23.44639,SMN,Baja California Sur,La Paz,48
466,TOLUCA,-99.71416,19.29111,SMN-ESMA,México,Zinacantepec,2730
467,TOPILEJO,-99.13052635,19.2033994,SACMEX,Ciudad de México,Xochimilco,2556.687
468,TOPOLOBAMPO,-109.0703,25.5936,SEMAR,Sinaloa,Ahome,3
469,TORREON,-103.41611,25.52,SMN-ESMA,Coahuila de Zaragoza,Torreón,1124
470,TRESMARIAS,-99.24861111,19.05055556,SMN,Morelos,Huitzilac,2839
471,TRIANGULO,-99.21830617,19.3972929,SACMEX,Ciudad de México,Miguel Hidalgo,2404.687
472,TULANCINGO,-98.35722,20.08417,SMN-ESMA,Hidalgo,Tulancingo de Bravo,2205
473,TUXPAN,-97.41722,20.95972,SMN-ESMA,Veracruz de Ignacio de la Llave,Tuxpan,7
474,TUXTLA,-93.14722,16.76277,SMN-ESMA,Chiapas,Tuxtla Gutiérrez,577
475,UNISON,-111.13305,29.01472,SMN-ESMA,Sonora,Hermosillo,
476,UNIVERSIDADSACMEX,-99.18116678,19.3477605,SACMEX,Ciudad de México,Álvaro Obregón,2264.263
477,UNIVERSIDAD_LINDAVISTA_PCHIS,-92.909444,17.178333,PC CHIAPAS,Chiapas,Pueblo Nuevo Solistahuacán,1620
478,UNIVTECNOLTECAMACHALCO,-97.72166667,18.86638889,SMN,Puebla,Tecamachalco,2047
479,URIQUE,-107.9169444,27.21555556,SMN,Chihuahua,Urique,577
480,URSULO_GALVAN,-96.3575,19.41333,SMN-ESMA,Veracruz de Ignacio de la Llave,Ursulo Galván,27
481,URUAPAN,-102.0288889,19.38083333,SMN,Michoacán de Ocampo,Uruapan,1606
482,VALLADOLID,-88.21583,20.69277,SMN-ESMA,Yucatán,Valladolid,27
483,VALLECITO_ZARAGOZA_PCGRO,-101.317222,17.922222,PC GUERRERO,Guerrero,Zihuatanejo de Azueta,560
484,VALLEDEBRAVO,-100.0848056,19.37558333,SMN,México,Villa de Allende,2476.998
485,VALLE_DEL_RIO_PCGRO,-99.931389,16.961667,PC GUERRERO,Guerrero,Coyuca de Benítez,43
486,VASOECRISTO,-99.21368104,19.51103774,SACMEX,México,Tlalnepantla de Baz,2263.108
487,VENUSTIANOCARRANZASMN,-100.95,27.51944444,SMN,Coahuila de Zaragoza,Juárez,264
488,VERACRUZ,-96.11111,19.14277,SMN-ESMA,Veracruz de Ignacio de la Llave,Boca del Río,15
489,VICAM,-110.299061,27.639292,GASIR,Sonora,Guaymas,0
490,VILLAAHUMADA,-106.5051778,30.61564444,SMN,Chihuahua,Ahumada,1931
491,VILLACOAPA,-99.12660289,19.2866908,SACMEX,Ciudad de México,Tlalpan,2239.438
492,VILLAGRAN,-99.48861111,24.47055556,SMN,Tamaulipas,Villagrán,390
493,VILLAHERMOSA,-92.92138,17.98083,SMN-ESMA,Tabasco,Centro,6
494,VILLAOCAMPO,-105.5024444,26.44055556,SMN,Durango,Ocampo,1657
495,VILLA_DE_ETLA_PCOAX,-96.796667,16.202222,PC OAXACA,Oaxaca,San Pablo Coatlán,1655
496,VILLA_LUIS_GIL_PEREZ,-93.073167,17.879149,PC TABASCO,Tabasco,Centro,
497,VOLCANTACANA,-92.14730556,15.09083333,SMN,Chiapas,Cacahoatán,1492
498,XALAPA,-96.90416,19.5125,SMN-ESMA,Veracruz de Ignacio de la Llave,Xalapa,1369
499,XOTEPINGO,-99.14461119,19.3328675,SACMEX,Ciudad de México,Coyoacán,2243.655
500,YAQUI,-99.28679742,19.36373688,SACMEX,Ciudad de México,Cuajimalpa de Morelos,2692.668
501,YECORA,-108.9166667,28.36666667,SMN,Sonora,Yécora,1531
502,YOHALTUM,-90.31109722,19.01361111,SMN,Campeche,Champotón,80
503,ZACATECAS,-102.56638,22.77833,SMN-ESMA,Zacatecas,Zacatecas,2576
504,ZACATECAS_EMA,-102.5061111,22.74667,SMN,Zacatecas,Guadalupe,2270
505,ZACATEPEC,-99.20722,18.64416,SMN-ESMA,Morelos,Zacatepec,910
506,ZACUALTIPANSMN,-98.67208333,20.66505556,SMN,Hidalgo,Zacualtipán de Ángeles,2056
507,ZAMORA,-102.28194,20.00972,SMN-ESMA,Michoacán de Ocampo,Jacona,1565
508,ZAPATA,-91.750833,17.726112,PC TABASCO,Tabasco,Emiliano Zapata,
509,ZARCO,-99.35293335,19.29544491,SACMEX,México,Ocoyoacac,3131.564
510,ZIHUATANEJO,-101.5548889,17.64505556,SMN,Guerrero,Zihuatanejo de Azueta,5
511,ZIHUATANEJO_PCGRO,-101.577778,17.648056,PC GUERRERO,Guerrero,Zihuatanejo de Azueta,191
512,ZIMAPANSMN,-99.39080556,20.74022222,SMN,Hidalgo,Zimapán,1788
513,ZIRANDARO_PCGRO,-100.976944,18.479167,PC GUERRERO,Guerrero,Zirándaro,215
